{
  "project_info": {
    "project_number": "1062358041918",
    "firebase_url": "https://bloco-de-notas-449c8.firebaseio.com",
    "project_id": "bloco-de-notas-449c8",
    "storage_bucket": "bloco-de-notas-449c8.appspot.com"
  },
  "client": [
    {
      "client_info": {
        "mobilesdk_app_id": "1:1062358041918:android:50971d8e2d1555ee",
        "android_client_info": {
          "package_name": "marcelo.junior.projetoblocodenotas"
        }
      },
      "oauth_client": [
        {
          "client_id": "1062358041918-9rfidl3s665ji1r7j0qnfh198hv0sfnp.apps.googleusercontent.com",
          "client_type": 3
        }
      ],
      "api_key": [
        {
          "current_key": "AIzaSyC0IaBXwmdtQ9m0vbfrBfU5QSc6pfBnxJw"
        }
      ],
      "services": {
        "analytics_service": {
          "status": 1
        },
        "appinvite_service": {
          "status": 1,
          "other_platform_oauth_client": []
        },
        "ads_service": {
          "status": 2
        }
      }
    }
  ],
  "configuration_version": "1"
}